vertex,dist
0,0.000000
1,2.000000
2,3.000000
3,8.000000
4,12.000000
5,16.000000
6,19.000000
7,21.000000
8,30.000000
9,32.000000
